[
  {
    "competition": {
      "name": "IV Liga Mazowieckie"
    },
    "homeTeam": {
      "name": "Oskar Przysucha",
      "crest": null
    },
    "awayTeam": {
      "name": "Mszczonowianka Mszczonów",
      "crest": null
    },
    "date": {
      "date": "2025-11-21",
      "dateTime": "2025-11-21T17:00:00.000Z"
    },
    "id": "38bc7b4d3fb0255579924ffaaa4d2a5f",
    "stadium": {
      "venue": "Stadion Oskar Przysucha",
      "address": "Radomska 45, Przysucha",
      "geo": {
        "latitude": 51.3604991,
        "longitude": 20.6406227,
        "name": "Radomska, Przysucha, gmina Przysucha, powiat przysuski, województwo mazowieckie, 26-400, Polska"
      }
    }
  },
  {
    "competition": {
      "name": "IV Liga Mazowieckie"
    },
    "homeTeam": {
      "name": "Ożarowianka Ożarów Mazowiecki",
      "crest": null
    },
    "awayTeam": {
      "name": "KTS Weszło Warszawa",
      "crest": null
    },
    "date": {
      "date": "2025-11-21",
      "dateTime": "2025-11-21T17:00:00.000Z"
    },
    "id": "85db529c9e191cf4dfe85a7840501e79",
    "stadium": {
      "venue": "Stadion Ożarowianka",
      "address": "Poznańska 129, Ożarów Mazowiecki",
      "geo": {
        "latitude": 52.2107876,
        "longitude": 20.819578,
        "name": "129, Poznańska, Osiedle Kabel, Ożarów Mazowiecki, gmina Ożarów Mazowiecki, powiat warszawski zachodni, województwo mazowieckie, 05-850, Polska"
      }
    }
  },
  {
    "competition": {
      "name": "IV Liga Mazowieckie"
    },
    "homeTeam": {
      "name": "Wilga Garwolin",
      "crest": null
    },
    "awayTeam": {
      "name": "Ursus Warszawa",
      "crest": null
    },
    "date": {
      "date": "2025-11-22",
      "dateTime": "2025-11-22T12:00:00.000Z"
    },
    "id": "88f0046e6d3c3eda2929a2c354a41875",
    "stadium": {
      "venue": "Stadion Wilgi Garwolin",
      "address": "Sportowa 34, Garwolin",
      "geo": {
        "latitude": 51.949448,
        "longitude": 21.5360645,
        "name": "34, Sportowa, Pilawa, gmina Pilawa, powiat garwoliński, województwo mazowieckie, 08-440, Polska"
      }
    }
  },
  {
    "competition": {
      "name": "IV Liga Mazowieckie"
    },
    "homeTeam": {
      "name": "Mazur Karczew",
      "crest": null
    },
    "awayTeam": {
      "name": "MKS Przasnysz",
      "crest": null
    },
    "date": {
      "date": "2025-11-22",
      "dateTime": "2025-11-22T12:00:00.000Z"
    },
    "id": "801f518cc5a8a992d0caaedb1030c033",
    "stadium": {
      "venue": "Stadion Mazura Karczew",
      "address": "Sportowa 3, Karczew",
      "geo": {
        "latitude": 52.07062444954824,
        "longitude": 21.243988762452478
      }
    }
  },
  {
    "competition": {
      "name": "IV Liga Mazowieckie"
    },
    "homeTeam": {
      "name": "Hutnik Warszawa",
      "crest": null
    },
    "awayTeam": {
      "name": "Victoria Sulejówek",
      "crest": null
    },
    "date": {
      "date": "2025-11-22",
      "dateTime": "2025-11-22T12:00:00.000Z"
    },
    "id": "5c4a7bac9ea3ccf3a68c73cd79a3ee99",
    "stadium": {
      "venue": "Stadion Hutnika Warszawa",
      "address": "Marymoncka 42, Warszawa",
      "geo": {
        "latitude": 52.3000993,
        "longitude": 20.944846,
        "name": "Ośrodek sportowy Hutnik, 42, Marymoncka, Las Bielański, Warszawa, województwo mazowieckie, 01-977, Polska"
      }
    }
  },
  {
    "competition": {
      "name": "IV Liga Mazowieckie"
    },
    "homeTeam": {
      "name": "Marcovia Marki",
      "crest": "https://crests.football-data.org/10355.png"
    },
    "awayTeam": {
      "name": "MKS Piaseczno",
      "crest": null
    },
    "date": {
      "date": "2025-11-22",
      "dateTime": "2025-11-22T12:00:00.000Z"
    },
    "id": "a47a49a57eb9639e1d16fec67536e456",
    "stadium": {
      "venue": "Stadion Marcovii Marki",
      "address": "Wspólna 12, Marki",
      "geo": {
        "latitude": 52.3331247,
        "longitude": 21.1181276,
        "name": "MTS Marcovia 2000 Marki, 12, Wspólna, Jarków, Marki, powiat wołomiński, województwo mazowieckie, 05-270, Polska"
      }
    }
  },
  {
    "competition": {
      "name": "IV Liga Mazowieckie"
    },
    "homeTeam": {
      "name": "Błonianka Błonie",
      "crest": null
    },
    "awayTeam": {
      "name": "Makowianka Maków Mazowiecki",
      "crest": null
    },
    "date": {
      "date": "2025-11-22",
      "dateTime": "2025-11-22T12:00:00.000Z"
    },
    "id": "3e7fcb7ebb4b9cfabf5e56b901c20a48",
    "stadium": {
      "venue": "Stadion Miejski w Błoniu",
      "address": "Bieniewicka 40, Błonie",
      "geo": {
        "latitude": 52.1892175,
        "longitude": 20.5983676,
        "name": "Bieniewicka, Błonie-Wieś, gmina Błonie, powiat warszawski zachodni, województwo mazowieckie, 05-870, Polska"
      }
    }
  },
  {
    "competition": {
      "name": "IV Liga Mazowieckie"
    },
    "homeTeam": {
      "name": "Mazovia Mińsk Mazowiecki",
      "crest": null
    },
    "awayTeam": {
      "name": "Talent Warszawa",
      "crest": null
    },
    "date": {
      "date": "2025-11-22",
      "dateTime": "2025-11-22T12:00:00.000Z"
    },
    "id": "abda0fc513f12098caf5f4f05df0e83d",
    "stadium": {
      "venue": "Stadion MKS Mazovia",
      "address": "Sportowa 1, Mińsk Mazowiecki",
      "geo": {
        "latitude": 52.1722313,
        "longitude": 21.5511335,
        "name": "1, Sportowa, Florencja, Mińsk Mazowiecki, powiat miński, województwo mazowieckie, 05-300, Polska"
      }
    }
  },
  {
    "competition": {
      "name": "IV Liga Mazowieckie"
    },
    "homeTeam": {
      "name": "Legionovia Legionowo",
      "crest": null
    },
    "awayTeam": {
      "name": "KS Łomianki",
      "crest": null
    },
    "date": {
      "date": "2025-11-22",
      "dateTime": "2025-11-22T12:00:00.000Z"
    },
    "id": "3c0acaf616d9339b5799807c91d6cd2b",
    "stadium": {
      "address": "Parkowa 27a Legionowo 05-120",
      "venue": "Stadion Miejski w Legionowie",
      "geo": {
        "latitude": 52.4043135,
        "longitude": 20.9174233,
        "name": "27A, Parkowa, Przystanek, Legionowo, powiat legionowski, województwo mazowieckie, 05-120, Polska"
      }
    }
  }
]
