[
  {
    "competition": {
      "name": "IV Liga Łódzkie"
    },
    "homeTeam": {
      "name": "Ner Poddębice",
      "crest": null
    },
    "awayTeam": {
      "name": "Boruta Zgierz",
      "crest": null
    },
    "date": {
      "date": "2025-11-21",
      "dateTime": "2025-11-21T16:00:00.000Z"
    },
    "id": "3c08d824b00a6deb13ed64491b333379",
    "stadium": {
      "venue": "Stadion Ner Poddębice",
      "address": "Mickiewicza 19, Poddębice",
      "geo": {
        "latitude": 51.8856166,
        "longitude": 18.9551909,
        "name": "19, Adama Mickiewicza, Osiedle 500-lecia, Poddębice, gmina Poddębice, powiat poddębicki, województwo łódzkie, 99-200, Polska"
      }
    }
  },
  {
    "competition": {
      "name": "IV Liga Łódzkie"
    },
    "homeTeam": {
      "name": "Omega Kleszczów",
      "crest": null
    },
    "awayTeam": {
      "name": "ŁKS III Łódź",
      "crest": null
    },
    "date": {
      "date": "2025-11-22",
      "dateTime": "2025-11-22T11:00:00.000Z"
    },
    "id": "5bd9ad1aab1170a7445f35c667a289c0",
    "stadium": {
      "venue": "Stadion Omega Kleszczów",
      "address": "Sportowa 3, Kleszczów",
      "geo": {
        "latitude": 51.2050392,
        "longitude": 19.3136609,
        "name": "3, Sportowa, Łuszczanowice, gmina Kleszczów, powiat bełchatowski, województwo łódzkie, 97-410, Polska"
      }
    }
  },
  {
    "competition": {
      "name": "IV Liga Łódzkie"
    },
    "homeTeam": {
      "name": "AKS SMS Łódź",
      "crest": null
    },
    "awayTeam": {
      "name": "RKS Radomsko",
      "crest": null
    },
    "date": {
      "date": "2025-11-22",
      "dateTime": "2025-11-22T11:30:00.000Z"
    },
    "id": "bad9616a643a1cfe75fc9ce0eb0aea2c",
    "stadium": {
      "venue": "Stadion AKS SMS Łódź",
      "address": "Milionowa 12, Łódź",
      "geo": {
        "latitude": 51.7506539,
        "longitude": 19.4788517,
        "name": "12, Milionowa, Księży Młyn, Stary Widzew, Górniak, Łódź-Widzew, Łódź, województwo łódzkie, 93-193, Polska"
      }
    }
  },
  {
    "competition": {
      "name": "IV Liga Łódzkie"
    },
    "homeTeam": {
      "name": "Ceramika Opoczno",
      "crest": null
    },
    "awayTeam": {
      "name": "KS Kutno",
      "crest": null
    },
    "date": {
      "date": "2025-11-22",
      "dateTime": "2025-11-22T12:00:00.000Z"
    },
    "id": "d8ac9fb47b762ebf4e67fc20ec2b1bea",
    "stadium": {
      "venue": "Stadion Miejski w Opocznie",
      "address": "Sportowa 1, Opoczno",
      "geo": {
        "latitude": 51.3755898,
        "longitude": 20.2965896,
        "name": "Bursa Szkolna, 1, Aleja Sportowa, Stare Miasto, Opoczno, gmina Opoczno, powiat opoczyński, województwo łódzkie, 26-300, Polska"
      }
    }
  },
  {
    "competition": {
      "name": "IV Liga Łódzkie"
    },
    "homeTeam": {
      "name": "Mazovia Rawa Mazowiecka",
      "crest": null
    },
    "awayTeam": {
      "name": "UMKS Korab Łask",
      "crest": null
    },
    "date": {
      "date": "2025-11-22",
      "dateTime": "2025-11-22T12:00:00.000Z"
    },
    "id": "44de5b4a85bda2e14f898baf13b071f5",
    "stadium": {
      "venue": "Stadion Mazovii Rawa Mazowiecka",
      "address": "Zamkowa 3, Rawa Mazowiecka",
      "geo": {
        "latitude": 51.7692024,
        "longitude": 20.2624638,
        "name": "3, Zamkowa Wola, Osiedle Zamkowa Wola, Rawa Mazowiecka, powiat rawski, województwo łódzkie, 96-200, Polska"
      }
    }
  },
  {
    "competition": {
      "name": "IV Liga Łódzkie"
    },
    "homeTeam": {
      "name": "Sokół Aleksandrów Łódzki",
      "crest": null
    },
    "awayTeam": {
      "name": "Stal Głowno",
      "crest": null
    },
    "date": {
      "date": "2025-11-22",
      "dateTime": "2025-11-22T12:00:00.000Z"
    },
    "id": "8a1ba7c6bb87ddbbb56e1b1529ffdb0c",
    "stadium": {
      "venue": "Stadion Miejski w Aleksandrowie Łódzkim",
      "address": "1 Maja 12/14, Aleksandrów Łódzki",
      "geo": {
        "latitude": 51.8191681,
        "longitude": 19.2965473,
        "name": "1 Maja, Aleksandrów Łódzki, gmina Aleksandrów Łódzki, powiat zgierski, województwo łódzkie, 95-070, Polska"
      }
    }
  },
  {
    "competition": {
      "name": "IV Liga Łódzkie"
    },
    "homeTeam": {
      "name": "Pelikan Łowicz",
      "crest": null
    },
    "awayTeam": {
      "name": "Zryw Wygoda",
      "crest": null
    },
    "date": {
      "date": "2025-11-22",
      "dateTime": "2025-11-22T12:00:00.000Z"
    },
    "id": "0f3ee7d958b77920684572ff6aa2ea5e",
    "stadium": {
      "venue": "Stadion Pelikan Łowicz",
      "address": "Starzyńskiego 6/8, Łowicz",
      "geo": {
        "latitude": 52.1022365,
        "longitude": 19.9394593,
        "name": "6/8, Stefana Starzyńskiego, Osiedle Stefana Starzyńskiego, Przedmieście, Łowicz, powiat łowicki, województwo łódzkie, 99-400, Polska"
      }
    }
  },
  {
    "competition": {
      "name": "IV Liga Łódzkie"
    },
    "homeTeam": {
      "name": "Polonia Piotrków Trybunalski",
      "crest": null
    },
    "awayTeam": {
      "name": "Zjednoczeni Stryków",
      "crest": null
    },
    "date": {
      "date": "2025-11-22",
      "dateTime": "2025-11-22T15:00:00.000Z"
    },
    "id": "f8c94f2f2231da902760d9c8cc3f4aab",
    "stadium": {
      "venue": "Stadion Polonii Piotrków",
      "address": "Broniewskiego 5, Piotrków Trybunalski",
      "geo": {
        "latitude": 51.4106925,
        "longitude": 19.7098563,
        "name": "IV Liceum Ogólnokształcące im. gen. Stefana Roweckiego-Grota, 5, Władysława Broniewskiego, Osiedle 800-lecia Miasta Piotrkowa Trybunalskiego, Stare Miasto, Piotrków Trybunalski, województwo łódzkie, 97-300, Polska"
      }
    }
  },
  {
    "competition": {
      "name": "IV Liga Łódzkie"
    },
    "homeTeam": {
      "name": "Orkan Buczek",
      "crest": null
    },
    "awayTeam": {
      "name": "Stal Niewiadów",
      "crest": null
    },
    "date": {
      "date": "2025-11-23",
      "dateTime": "2025-11-23T12:00:00.000Z"
    },
    "id": "0e00fff7e92aa9fa3d63bbb3948a5d8e",
    "stadium": {
      "venue": "Stadion Orkan Buczek",
      "address": "Główna 20, Buczek",
      "geo": {
        "latitude": 51.5025853,
        "longitude": 19.1641822,
        "name": "Urząd Gminy Buczek, 20, Główna, Buczek-Parcela, Buczek, gmina Buczek, powiat łaski, województwo łódzkie, 98-113, Polska"
      }
    }
  }
]
